run_name,cassette_name,region_name,panel_name,panel_design_id,predesigned_panel_id,region_area,total_cell_area,total_high_quality_decoded_transcripts,fraction_transcripts_decoded_q20,fraction_predesigned_transcripts_decoded_q20,fraction_custom_transcripts_decoded_q20,nuclear_transcripts_per_100um2,decoded_transcripts_per_100um2,adjusted_negative_control_probe_rate,adjusted_negative_control_codeword_rate,adjusted_genomic_control_probe_rate,negative_control_probe_counts_per_control_per_cell,genomic_control_probe_counts_per_control_per_cell,estimated_number_of_false_positive_transcripts_per_cell,estimated_number_of_false_positive_transcripts_per_cell_including_genomic_counts,num_cells_detected,fraction_empty_cells,cells_per_100um2,fraction_transcripts_assigned,median_genes_per_cell,median_predesigned_genes_per_cell,median_custom_genes_per_cell,median_transcripts_per_cell,median_predesigned_transcripts_per_cell,median_custom_transcripts_per_cell,thickness_transcripts_high_quality,stain_definition,segmented_cell_stain_frac,segmented_cell_boundary_frac,segmented_cell_interior_frac,segmented_cell_nuc_expansion_frac,segmented_cell_boundary_count,segmented_cell_interior_count,segmented_cell_nuc_expansion_count
EXP-01913-01914_012026,EXP-01913,CP08944-001-015,hColon_785g,JAVCTQ,ZBB4M9,14026848.77,5923215.249,144274683,0.8117945365,0.8089532382,0.8140015532,2245.361611,2252.395032,0.0003471855585,0.0005469793294,0.0002862609433,0.0003200715454,0.0002616831437,0.5025123263,0.4108425357,84981,0.0001647427072,0.6058452712,0.9247236121,355,162,192,1530,667,862,9.836187678,xenium_cell_segmentation_stains_v2,0.9073439945,0.6567350349,0.2506089596,0.09265600546,55810,21297,7874
EXP-01913-01914_01-23-2026,EXP-01913,TIS10546-002-002-032,mMulti_480g,MNANMQ,,14567694.21,7450972.306,43148038,0.8322126818,,,553.5729305,555.2812211,0.0004472710533,0.0005375832918,,0.0001801846398,,0.08648862708,,202015,2.48E-05,1.386732842,0.9588813749,71,,,189,,,4.604643004,xenium_cell_segmentation_stains_v1,0.9943321041,0.1314605351,0.8628715689,0.005667895948,26557,174313,1145
EXP-01913-01914_012026,EXP-01913,TIS11578-001-003,hColon_785g,JAVCTQ,ZBB4M9,49733305.47,14900069.41,58072205,0.9033435743,0.9036191912,0.9031456557,462.304231,331.3468256,0.001828110528,9.52E-05,0.001815941845,0.0002435606947,0.0002557431458,0.3823902907,0.4015167389,175213,0.00207747142,0.3523051572,0.8501641534,104,50,54,209,90,117,9.423205896,xenium_cell_segmentation_stains_v2,0.9628052713,0.2791744905,0.6836307808,0.0371947287,48915,119781,6517
EXP-01913-01914_012026,EXP-01913,TIS11578-003-003,hColon_785g,JAVCTQ,ZBB4M9,82688483.12,24340550.57,154062134,0.9086586253,0.9088654182,0.9085137669,565.0646461,513.7802066,0.001434698535,0.0001872143447,0.001514559413,0.0002736392493,0.0003006092307,0.4296136214,0.4719564921,392853,0.002102567627,0.4751000202,0.8117304866,109,53,56,224,95,125,8.601399315,xenium_cell_segmentation_stains_v2,0.9760215653,0.375909055,0.6001125103,0.02397843468,147677,235756,9420
EXP-01913-01914_01-23-2026,EXP-01913,TMA00319,mMulti_480g,MNANMQ,,6338621.105,180796.6003,495939,0.8344070355,,,274.7441974,234.9374929,0.01123581919,0.0005052739163,,0.00354017502,,1.69928401,,2514,0.01789976134,0.0396616229,0.8564742841,32,,,55,,,7.28702831,xenium_cell_segmentation_stains_v1,0.9188544153,0.0600636436,0.8587907717,0.08114558473,151,2159,204
EXP-01913-01914_012026,EXP-01914,CP08944-001-016,hColon_785g,JAVCTQ,ZBB4M9,10970084.26,4982863.086,109370425,0.8338700186,0.8318242786,0.8354717692,2028.078801,2068.174305,0.0003015044854,0.0004166076138,0.0003237060341,0.0002512970169,0.0002678621779,0.3945363165,0.4205436192,70932,0.0001127840749,0.6465948513,0.942250101,343,157,185,1439,630,807,8.873237993,xenium_cell_segmentation_stains_v2,0.9371510743,0.733463035,0.2036880392,0.06284892573,52026,14448,4458
EXP-01913-01914_01-23-2026,EXP-01914,TIS10546-002-002-030,mMulti_480g,TV46KD,,15018787.45,8060326.57,55850374,0.7151450588,,,706.1416176,681.4708253,0.001773487984,0.002397889616,,0.0008667599676,,0.4160447845,,223649,0.0001162535938,1.489128205,0.9834987676,92,,,231,,,8.224256852,xenium_cell_segmentation_stains_v1,0.9924658729,0.008808445376,0.9836574275,0.007534127137,1970,219994,1685
EXP-01913-01914_01-23-2026,EXP-01914,TIS10758-001-001,mMulti_480g,TV46KD,,25955602.84,6624138.308,23417791,0.8694811975,,,347.9967917,314.881031,0.008877666208,0.000368928654,,0.00338798847,,1.626234466,,105815,0.002060199405,0.4076769114,0.8906969492,55,,,120,,,8.878510828,xenium_cell_segmentation_stains_v1,0.9666304399,0.3420214525,0.6246089874,0.03336956008,36191,66093,3531
EXP-01913-01914_012026,EXP-01914,TIS11578-005-003,hColon_785g,JAVCTQ,ZBB4M9,39291861.23,2710514.978,9058364,0.8943798414,0.8956505717,0.8930132749,394.2219729,287.5522572,0.005840938188,9.88E-05,0.00614564925,0.0004380765861,0.0005239739559,0.6877802402,0.8226391108,38806,0.03929804669,0.0987634558,0.8604364982,70,35,35,112,58,52,9.351680007,xenium_cell_segmentation_stains_v2,0.8899654693,0.3030716899,0.5868937793,0.1100345307,11761,22775,4270
EXP-01913-01914_012026,EXP-01914,TIS11578-007-003,hColon_785g,JAVCTQ,ZBB4M9,84931658.76,32107008.2,158035988,0.8641914285,0.8647840427,0.8637228251,493.0172179,406.1189233,0.002016176918,0.0001646492835,0.002184019691,0.0003338148147,0.0003584159636,0.524089259,0.5627130629,499154,0.003802433718,0.5877125294,0.8250819174,116,56,60,203,93,108,9.371426594,xenium_cell_segmentation_stains_v2,0.9673387371,0.1653978532,0.801940884,0.03266126286,82559,400292,16303
EXP-01913-01914_01-23-2026,EXP-01914,TMA10758-001,mMulti_480g,TV46KD,,84401267.09,22416055.74,116817428,0.8703037004,,,509.8330345,448.7536262,0.002368557633,0.0004754786981,,0.001240699051,,0.5955355444,,378456,0.001091276132,0.4484008512,0.8611117769,70,,,207,,,5.428890361,xenium_cell_segmentation_stains_v1,0.9850260004,0.4247389393,0.5602870611,0.01497399962,160745,212044,5667
EXP-01915-01916_01-14-2026,EXP-01915,TIS10546-002-002-028,mMulti_480g,TV46KD,,15348170.46,8163483.995,55734287,0.7005784978,,,691.4631861,668.8509959,0.001683008939,0.002444305219,,0.0008130514518,,0.3902646969,,225201,7.10E-05,1.467282375,0.9796760116,90,,,228,,,6.694636853,xenium_cell_segmentation_stains_v1,0.9930195692,0.04103001319,0.951989556,0.006980430815,9240,214389,1572
EXP-01915-01916_01-14-2026,EXP-01915,TIS10756-001-001,mMulti_480g,TV46KD,,26675282.15,9605253.343,58357634,0.8220773802,,,607.7112008,544.8035687,0.001401941455,0.001036113016,,0.0009840582562,,0.472347963,,147349,0.001418401211,0.5523802865,0.8967080982,77,,,259,,,7.836861368,xenium_cell_segmentation_stains_v1,0.9797351865,0.4016315007,0.5781036858,0.02026481347,59180,85183,2986
EXP-01915-01916_01-14-2026,EXP-01915,TMA10756-001,mMulti_480g,TV46KD,,94244176.12,30818048.51,176300391,0.8345236322,,,576.4643206,515.3001396,0.001087658682,0.0008260463903,,0.0006959353009,,0.3340489444,,476050,0.00238630396,0.5051240508,0.9007662779,77,,,245,,,8.503710549,xenium_cell_segmentation_stains_v1,0.9756223086,0.372759164,0.6028631446,0.02437769142,177452,286993,11605
EXP-01915-01916_01-14-2026,EXP-01916,TIS10546-002-002-029,mMulti_480g,TV46KD,,14488342.58,6271685.952,36025135,0.6760351749,,,588.1479736,563.2257142,0.001862771219,0.002636825803,,0.0007677711796,,0.3685301662,,170754,0.01950173934,1.178561309,0.9805306212,84,,,200,,,7.376169586,xenium_cell_segmentation_stains_v1,0.9888318868,0.02209611488,0.9667357719,0.01116811319,3773,165074,1907
EXP-01931-01932_012326,EXP-01931,CP08944-001-021,hColon_785g,JAVCTQ,ZBB4M9,14481194.39,5406438.661,124721702,0.7730972546,0.7691971212,0.7761016914,2243.739635,2136.496708,0.0008784457169,0.001320663347,0.0005884295615,0.0007317863625,0.0004969319851,1.148904589,0.7801832167,77140,0.0003500129634,0.5326908674,0.9261289908,332,152,180,1399,604,792,13.04672718,xenium_cell_segmentation_stains_v2,0.927793622,0.6710526316,0.2567409904,0.07220637801,51765,19805,5570
EXP-01931-01932_012326,EXP-01931,TIS11578-009-003,hColon_785g,JAVCTQ,ZBB4M9,87129355.88,5331946.65,24172553,0.8592960197,0.8618221704,0.8566089316,476.6679275,342.6028278,0.004714184897,0.0003217153968,0.005816056168,0.0003432877477,0.0004239597039,0.5389617639,0.6656167351,71660,0.02329053865,0.0822455294,0.7557083441,88,44,44,159,83,72,9.148103971,xenium_cell_segmentation_stains_v2,0.9015071169,0.3119034329,0.5896036841,0.09849288306,22351,42251,7058
EXP-01931-01932_012326,EXP-01931,TIS11578-011-003,hColon_785g,JAVCTQ,ZBB4M9,70287062.6,21553224.18,100729994,0.9000445233,0.8989982742,0.9007920216,439.8557649,367.4370496,0.003624621799,0.000110937986,0.002855356163,0.0004144692691,0.0003560548736,0.6507167525,0.5590061515,347191,0.004006440259,0.4939614591,0.786206053,80,39,41,153,65,84,7.985384566,xenium_cell_segmentation_stains_v2,0.9692042708,0.4367250303,0.5324792405,0.03079572915,151627,184872,10692
EXP-01931-01932_012326,EXP-01932,CP08944-001-022,hColon_785g,JAVCTQ,ZBB4M9,10573117.92,3458826.227,88095635,0.7666030607,0.7625169055,0.7696978618,2499.993877,2400.536585,0.000716699936,0.001176898281,0.0004650292673,0.000700662747,0.0004580561994,1.100040513,0.7191482331,48133,0.0001662061372,0.4552394133,0.942502872,370,171,199,1732,741,989,8.248207271,xenium_cell_segmentation_stains_v2,0.9597988906,0.7282114142,0.2315874764,0.04020110943,35051,11147,1935
EXP-01931-01932_012326,EXP-01932,TIS11578-013-003,hColon_785g,JAVCTQ,ZBB4M9,66351965.9,16577265.21,109254255,0.8412192222,0.8407015918,0.8416043349,655.8094546,456.9314483,0.0008451154343,0.0002868806321,0.0006147586256,0.0001830393344,0.0001382273655,0.2873717549,0.2170169639,170182,0.001310361848,0.2564837344,0.6933069838,139,67,71,361,162,195,7.704030521,xenium_cell_segmentation_stains_v2,0.9614824129,0.0497819981,0.9117004148,0.03851758705,8472,155155,6555
EXP-01931-01932_012326,EXP-01932,TIS11578-015-003,hColon_785g,JAVCTQ,ZBB4M9,78118847.32,20456513.3,108649032,0.8698704418,0.8699668925,0.8697967975,674.1695855,418.1375963,0.0009320712551,0.000163893582,0.001042067242,0.0001764841639,0.0002172112787,0.2770801374,0.3410217076,220983,0.002389324066,0.2828805181,0.7872722971,131,63,67,309,137,169,7.498933078,xenium_cell_segmentation_stains_v2,0.9750885815,0.1777150279,0.7973735536,0.02491141853,39272,176206,5505
EXP-01939-01940_1-30-2026,EXP-01939,TIS11578-017-003,hColon_785g,JAVCTQ,ZBB4M9,66728453.42,13885324.53,59551754,0.9043110663,0.9046173766,0.9040757842,428.1847309,327.0534721,0.001612963075,6.13E-05,0.001448784846,0.0002165247919,0.0002209234601,0.3399439233,0.3468498323,168341,0.004455242633,0.2522776887,0.7625709228,95,46,48,197,88,107,6.98010733,xenium_cell_segmentation_stains_v2,0.9827611812,0.2511925199,0.7315686612,0.01723881883,42286,123153,2902
EXP-01946-01947_013026,EXP-01946,TIS10543-004-001-002,mother_952g,YVWBTQ,ZEHF9H,79426046.7,41809446.74,425612195,0.6809624139,0.6817648265,0.6801126085,933.4159222,918.2556885,0.001468828702,0.001950753903,0.001489835015,0.0008665056949,0.000890826291,1.691419117,1.73889292,311856,8.98E-05,0.3926369409,0.9020362375,296,150,146,741,413,327,5.987569457,xenium_cell_segmentation_stains_v2,0.9946994767,0.3489495152,0.6457499615,0.005300523318,108822,201381,1653
EXP-01946-01947_013026,EXP-01946,TIS10546-002-002-039,mother_952g,YVWBTQ,ZEHF9H,10106706.87,4559239.781,23642416,0.7307987943,0.732500095,0.7279832238,504.0531927,507.542685,0.001022809279,0.001228903559,0.002102120644,7.78E-05,0.000162719153,0.1518112034,0.3176277867,143689,0.03149858375,1.421719278,0.9787531021,100,58,42,142,89,52,5.060385385,xenium_cell_segmentation_stains_v2,0.9846404387,0.01623645512,0.9684039836,0.01535956127,2333,139149,2207
EXP-01946-01947_013026,EXP-01946,TIS10680-002-001,mother_952g,YVWBTQ,ZEHF9H,78181764.78,40456415.84,221591052,0.8612979167,0.8632651611,0.8592867591,642.401371,504.158623,0.00384852704,0.0001448754796,0.003422210363,0.002275894856,0.002030423163,4.442546758,3.963386015,169329,0.000596471957,0.2165837526,0.9204546265,242,117,124,833,425,407,6.726413261,xenium_cell_segmentation_stains_v2,0.9907989771,0.6199528728,0.3708461043,0.009201022861,104976,62795,1558
EXP-01946-01947_013026,EXP-01947,TIS10544-004-001,mother_952g,YVWBTQ,ZEHF9H,86420173.27,44423133.03,416135142,0.6625720339,0.6661768211,0.6584882108,834.1992453,828.180639,0.001729714202,0.002068242014,0.001744154931,0.001135697566,0.001157506856,2.216881649,2.259453383,261029,0.0002030425738,0.3020463743,0.8840968951,304,153,150,800,452,347,5.782172425,xenium_cell_segmentation_stains_v2,0.996199656,0.3876427523,0.6085569036,0.003800344023,101186,158851,992
EXP-01946-01947_013026,EXP-01947,TIS10681-002-001,mother_952g,YVWBTQ,ZEHF9H,70294902.18,34624368.21,256647355,0.8498324409,0.8528243383,0.8466570407,804.5103393,689.1924887,0.003324689755,0.000207351549,0.002798579258,0.002719298863,0.002266919752,5.30807138,4.425027357,142169,0.001019912921,0.2022465294,0.9297915617,296,143,153,1159,602,556,6.537828968,xenium_cell_segmentation_stains_v2,0.9925651865,0.6432485282,0.3493166583,0.007434813497,91450,49662,1057
EXP-01952-01953_020526,EXP-01952,TIS10546-002-002-041,mMulti_480g,TV46KD,,13170875.84,7720144.838,57720320,0.7124874359,,,749.3195026,727.8297646,0.002019143717,0.002259642582,,0.001030656975,,0.4947153478,,216949,0.001949766996,1.647187345,0.9734788719,95,,,242,,,7.547738952,xenium_cell_segmentation_stains_v1,0.9884581169,0.0752665373,0.9131915796,0.01154188312,16329,198116,2504
EXP-01952-01953_020526,EXP-01952,TIS10762-001-001,mMulti_480g,TV46KD,,16639107.67,4881881.199,39800968,0.8476450639,,,794.9072873,731.1848966,0.003106826057,0.0005277053433,,0.002279591859,,1.094204092,,91047,0.0003295001483,0.5471867951,0.8968520062,90,,,310,,,7.119233967,xenium_cell_segmentation_stains_v1,0.9767702395,0.322317045,0.6544531945,0.02322976045,29346,59586,2115
EXP-01952-01953_020526,EXP-01952,TMA10762-001,mMulti_480g,TV46KD,,94175092.07,29061362.22,180461619,0.8721934951,,,624.0485976,542.0915779,0.002618344359,0.0004144535708,,0.001670501073,,0.8018405151,,453786,0.0006192346172,0.4818535242,0.8729789629,82,,,280,,,6.496008217,xenium_cell_segmentation_stains_v1,0.9813304068,0.3280026268,0.6533277801,0.01866959316,148843,296471,8472
EXP-01952-01953_020526,ExP-01953,TIS10546-002-002-040,mMulti_480g,TV46KD,,12292142.08,7109803.774,53789920,0.7182388954,,,766.351764,742.7826657,0.001959922275,0.00221115698,,0.001011443792,,0.4854930203,,202730,0.004286489419,1.649265024,0.9817897108,97,,,246,,,8.000536272,xenium_cell_segmentation_stains_v1,0.9902678439,0.01093572732,0.9793321166,0.00973215607,2217,198540,1973
EXP-01952-01953_020526,ExP-01953,TIS10763-001-001,mMulti_480g,TV46KD,,26249342.17,9000999.523,56411486,0.8706802544,,,609.3460602,553.8678774,0.003743203613,0.0005434994008,,0.002503388593,,1.201626525,,143865,0.0005560768776,0.5480708776,0.883749898,82,,,266,,,6.67627494,xenium_cell_segmentation_stains_v1,0.9775831509,0.3712577764,0.6063253745,0.02241684913,53411,87229,3225
EXP-01952-01953_020526,ExP-01953,TMA10763-001,mMulti_480g,TV46KD,,88593890.15,27610643.62,147335313,0.8623370887,,,540.3496261,472.1464294,0.003224604057,0.0004349149379,,0.001808838194,,0.868242333,,434229,0.002353596835,0.4901342511,0.8848025999,76,,,236,,,7.030470513,xenium_cell_segmentation_stains_v1,0.977744462,0.2792236355,0.6985208266,0.02225553798,121247,303318,9664
EXP-01954-01955_20260204,EXP-01954,TMA10764-001,mMulti_480g,TV46KD,,18485144.12,6268696.383,30797760,0.8747009647,,,489.5063216,431.7226318,0.04403293095,0.0004032989288,,0.02030992572,,9.748764345,,106219,0.0002636063228,0.5746181869,0.87874511,76,,,179,,,7.994930961,xenium_cell_segmentation_stains_v1,0.9738747305,0.2806654177,0.6932093128,0.02612526949,29812,73632,2775
EXP-01954-01955_20260204,EXP-01954,TMA10764-002,mMulti_480g,TV46KD,,103956997.9,29906467.56,130163709,0.8746321733,,,460.7173996,380.5705932,0.02466056145,0.0002888250714,,0.01164720337,,5.59065762,,454959,0.0005297180625,0.4376415337,0.8744005674,74,,,192,,,7.04075444,xenium_cell_segmentation_stains_v1,0.9779254834,0.398066639,0.5798588444,0.0220745166,181104,263812,10043
EXP-01954-01955_20260204,EXP-01955,TMA10765-001,mMulti_480g,TV46KD,,30330772.85,11040754.51,56637244,0.8696389272,,,494.2881705,455.5493736,0.005571316952,0.0004441713806,,0.003271229225,,1.570190028,,169554,0.0006900456492,0.5590164183,0.8880391143,72,,,230,,,6.666048155,xenium_cell_segmentation_stains_v1,0.9824185805,0.3817957701,0.6006228104,0.01758141949,64735,101838,2981
EXP-01954-01955_20260204,EXP-01955,TMA10765-002,mMulti_480g,TV46KD,,92612389.68,26906869.89,109908515,0.8501558654,,,430.63858,363.7903643,0.005332836393,0.0005809190986,,0.002488785508,,1.194617044,,402827,0.001961139646,0.4349601618,0.8906006964,65,,,185,,,7.817870594,xenium_cell_segmentation_stains_v1,0.9765929295,0.3383288608,0.6382640687,0.02340707053,136288,257110,9429
EXP-01967-01968_021226,EXP-01967,TIS10546-002-002-033,mother_952g,YVWBTQ,ZEHF9H,14903220.37,7645706.473,57522726,0.7294656527,0.731507008,0.7260092319,674.8925091,718.2990897,0.0007420504025,0.001193035898,0.001135404957,8.87E-05,0.0001370777474,0.1730644805,0.2675757628,221633,9.02E-06,1.487148378,0.9547363941,136,78,58,215,137,78,4.19965922,xenium_cell_segmentation_stains_v2,0.990123312,0.03058660037,0.9595367116,0.009876688038,6779,212665,2189
EXP-01967-01968_021226,EXP-01967,TMA00320,mother_952g,YVWBTQ,ZEHF9H,88924265.83,32331117.05,326665164,0.8295498424,0.8283809946,0.8309787259,908.4994991,937.7585176,0.001000181199,0.0002943216671,0.001703272483,0.0005550968561,0.000839167889,1.083549063,1.638055719,236175,0.001253307928,0.2655911722,0.9281302,346,166,179,950,536,412,4.049410846,xenium_cell_segmentation_stains_v2,0.9808362443,0.04436540701,0.9364708373,0.01916375569,10478,221171,4526
EXP-01967-01968_021226,EXP-01968,TIS10546-002-002-034,mother_952g,YVWBTQ,ZEHF9H,13604461.68,7659135.626,58662845,0.7484056486,0.7502101986,0.745364022,685.5799581,735.4886341,0.0007277940037,0.0008984103987,0.001069504902,8.82E-05,0.0001339830427,0.172187722,0.2615348993,219644,1.37E-05,1.614499751,0.9602683266,139,79,60,222,141,80,4.171901123,xenium_cell_segmentation_stains_v2,0.9915044344,0.003346324052,0.9881581104,0.008495565552,735,217043,1866
EXP-01975-01976_021326,EXP-01975,tss10546-001,mMulti_480g,TV46KD,,12375258.03,7374971.173,54863398,0.7014378176,,,754.2082722,729.7130624,0.002037698135,0.002459263527,,0.00105100255,,0.5044812242,,207421,0.001807917231,1.676094345,0.9809113172,96,,,245,,,8.358318655,xenium_cell_segmentation_stains_v1,0.9917028652,0.01335448195,0.9783483832,0.008297134813,2770,202930,1721
EXP-01975-01976_021326,EXP-01975,tss10766-002,mMulti_480g,TV46KD,,23748279,7045669.795,46908707,0.8613716588,,,647.8406985,586.9375262,0.00668968709,0.0004805847212,,0.004865490938,,2.33543565,,110513,0.001185380905,0.4653516156,0.8815779126,85,,,288,,,7.736857279,xenium_cell_segmentation_stains_v1,0.9783464389,0.3436518781,0.6346945608,0.02165356112,37978,70142,2393
EXP-01975-01976_021326,EXP-01976,tss10767-001,mMulti_480g,TV46KD,,80900095.8,24968392.53,117470178,0.8124059955,,,505.224889,421.7213058,0.007552287079,0.0009424118967,,0.003986379548,,1.913462183,,387946,0.007434024323,0.479537133,0.8963724478,74,,,210,,,10.49532673,xenium_cell_segmentation_stains_v1,0.9623736293,0.2182314033,0.744142226,0.03762637068,84662,288687,14597
EXP-01975-01976_021326,EXP-01976,tss10767-002,mMulti_480g,TV46KD,,22015031.71,7361878.389,44899850,0.9028246381,,,583.9750582,540.8296755,0.01033979278,0.0007883978146,,0.00634746448,,3.04678295,,129855,0.0005852681837,0.5898469814,0.8867562587,78,,,243,,,6.008146975,xenium_cell_segmentation_stains_v1,0.9813253244,0.3570906011,0.6242347233,0.0186746756,46370,81060,2425
EXP-01977-01978_022626,EXP-01977,TMA00326,mother_952g,YVWBTQ,ZEHF9H,157006527.2,33394166.2,0,0,0,0,,0,,,,,,,,196146,,0.1249285641,,,,,,,,,xenium_cell_segmentation_stains_v2,0.04788779786,0.003762503441,0.04412529442,0.9521122021,738,8655,186753
EXP-01977-01978_022626,EXP-01978,TSS00003,mother_952g,YVWBTQ,ZEHF9H,57227361.72,1945283.365,8,1,1,1,0,5.14E-05,0,0,0,0,0,0,0,12546,0.9999202933,0.02192307949,0.125,1,1,0,1,1,0,,xenium_cell_segmentation_stains_v2,0.07054041129,0.00414474733,0.06639566396,0.9294595887,52,833,11661
EXP-01977-01978_022626,EXP-01978,TSS10546-006,mother_952g,YVWBTQ,ZEHF9H,13167535.18,4432108.677,16,0.8421052632,0.9,0.7777777778,0.0001243877515,0.0001128131182,0,0,0,0,0,0,0,74183,0.9999325991,0.5633780277,0.3125,1,1,0,1,1,0,,xenium_cell_segmentation_stains_v2,0.001078414192,6.74E-05,0.001011013305,0.9989215858,5,75,74103
EXP-01979-01980_02-18-2026,EXP-01979,TMA10761-002,mMulti_480g,TV46KD,,103764709.1,34894363.18,188983095,0.858705149,,,569.2800432,483.220144,0.003317178463,0.0005503783224,,0.002015269951,,0.9673295764,,550100,0.002106889656,0.530141707,0.8922310855,77,,,231,,,8.383560721,xenium_cell_segmentation_stains_v1,0.9825122705,0.2234666424,0.7590456281,0.0174877295,122929,417551,9620
EXP-01979-01980_02-18-2026,EXP-01979,TMA10761-003,mMulti_480g,TV46KD,,24049587.29,6616234.61,33109298,0.8834194581,,,476.6715626,437.8705821,0.00506388757,0.0003358860562,,0.002603392119,,1.249628217,,109607,0.001550995831,0.4557541828,0.8749972591,70,,,195,,,5.192383329,xenium_cell_segmentation_stains_v1,0.9789247037,0.2726376965,0.7062870072,0.02107529629,29883,77414,2310
EXP-01979-01980_02-18-2026,EXP-01980,TMA10760-002,mMulti_480g,TV46KD,,87354570.5,26854276.77,155247858,0.8574430054,,,592.8855694,502.8204936,0.002960286105,0.0005022353894,,0.001803066841,,0.8654720834,,433345,0.001624571646,0.4960759323,0.8697627699,79,,,249,,,5.957041799,xenium_cell_segmentation_stains_v1,0.9848942528,0.2709180907,0.7139761622,0.01510574715,117401,309398,6546
EXP-01979-01980_02-18-2026,EXP-01980,TMA10760-003,mMulti_480g,TV46KD,,22323359.8,7050415.401,40886035,0.8589451723,,,598.1440114,522.5805134,0.003946771598,0.0005459491963,,0.002465558436,,1.183468049,,118026,0.001228542863,0.5287107363,0.9011413555,75,,,232,,,7.211073349,xenium_cell_segmentation_stains_v1,0.977521902,0.2256451968,0.7518767051,0.02247809805,26632,88741,2653
EXP-01989-01990_022626,EXP-01989,TIS10546-002-002-036,mother_952g,YVWBTQ,ZEHF9H,14913432.23,7628025.498,69669845,0.7289493564,0.7303765398,0.7265787223,858.2099001,881.6553644,0.0007728676069,0.001254142827,0.001186225147,0.0001149258676,0.0001794638173,0.2243352936,0.3503133714,217314,1.84E-05,1.457169595,0.9653085348,165,92,72,272,171,100,4.422605688,xenium_cell_segmentation_stains_v2,0.9930929439,0.008825938504,0.9842670053,0.006907056149,1918,213895,1501
EXP-01989-01990_022626,EXP-01989,TMA00328,mother_952g,YVWBTQ,ZEHF9H,86348803.45,33000117.26,191573661,0.9037168247,0.9007261275,0.9072347604,489.5979105,550.0387273,0.001355343302,9.04E-05,0.00164002043,0.0004673083836,0.0005253177678,0.9121859648,1.025420283,250370,0.008287734153,0.2899519044,0.9474863301,216,107,108,426,240,184,3.81468141,xenium_cell_segmentation_stains_v2,0.9723888645,0.02003434916,0.9523545153,0.02761113552,5016,238441,6913
EXP-01989-01990_022626,EXP-01990,TIS10546-002-002-037,mother_952g,YVWBTQ,ZEHF9H,15359505.94,7546024.003,66694666,0.7234041196,0.7251819124,0.7204389651,831.7777518,847.8675257,0.0008140712053,0.001329527457,0.00121033867,0.0001202766832,0.0001798467358,0.2347800856,0.3510608283,213674,9.83E-05,1.391151518,0.959301408,160,90,70,264,166,97,4.397817722,xenium_cell_segmentation_stains_v2,0.9934386027,0.03782865487,0.9556099479,0.006561397269,8083,204189,1402
EXP-01989-01990_022626,EXP-01990,TMA00330,mother_952g,YVWBTQ,ZEHF9H,135120929.8,48148217,528925711,0.8047574739,0.8033412218,0.8064338198,888.1079342,946.8312731,0.0006526160632,0.0007135868482,0.001508973425,0.0003557449211,0.0006421644388,0.6944140861,1.253504985,389605,0.004468628483,0.2883380099,0.8619024686,342,161,180,945,516,424,3.597823302,xenium_cell_segmentation_stains_v2,0.9713094031,0.1506474506,0.8206619525,0.02869059689,58693,319734,11178
EXP-01991-01992_02-25-2026,EXP-01991,TSS10546-002,mMulti_480g,TV46KD,,14561281.89,7452839.923,55020250,0.732992643,,,745.6509818,721.0608379,0.00150592837,0.002141862148,,0.0007862005375,,0.377376258,,203892,1.96E-05,1.400233864,0.9767223886,95,,,247,,,6.924832951,xenium_cell_segmentation_stains_v1,0.9917652483,0.008303415534,0.9834618327,0.008234751731,1693,200520,1679
EXP-01991-01992_02-25-2026,EXP-01991,TSS10768-001,mMulti_480g,TV46KD,,85358523.64,28550732.48,153476280,0.8480523033,,,572.2146793,477.1407707,0.003070001653,0.0005515247543,,0.001743247105,,0.8367586105,,451399,0.0014244604,0.528827094,0.8876106783,79,,,242,,,7.138176303,xenium_cell_segmentation_stains_v1,0.9805471434,0.1656760427,0.8148711007,0.01945285656,74786,367832,8781
EXP-01991-01992_02-25-2026,EXP-01991,TSS10768-002,mMulti_480g,TV46KD,,26852455.09,6824714.882,41440720,0.8526669917,,,611.4012186,546.0578301,0.005803048141,0.0006401419539,,0.003706925837,,1.779324402,,120693,0.0009196887972,0.4494672818,0.899281914,79,,,233,,,8.490497434,xenium_cell_segmentation_stains_v1,0.9715310747,0.1633234736,0.8082076011,0.02846892529,19712,97545,3436
EXP-01991-01992_02-25-2026,EXP-01992,TSS10769-001,mMulti_480g,TV46KD,,87899939.06,24213289.1,113474922,0.840345713,,,507.6762831,419.664452,0.00409937518,0.0006360453365,,0.002060369128,,0.9889771815,,399807,0.002040984775,0.4548433187,0.8954803864,72,,,197,,,7.718964066,xenium_cell_segmentation_stains_v1,0.9779568642,0.1320011906,0.8459556736,0.02204313581,52775,338219,8813
EXP-01991-01992_02-25-2026,EXP-01992,TSS10769-002,mMulti_480g,TV46KD,,22008350.03,7531663.682,35597611,0.8675265553,,,476.2337509,431.5708371,0.006311110847,0.0004580219571,,0.003325405971,,1.596194866,,122361,0.001994099427,0.555975345,0.9131080173,70,,,191,,,8.990567856,xenium_cell_segmentation_stains_v1,0.97250758,0.1827461364,0.7897614436,0.02749241997,22361,96636,3364
EXP-02001-02002_20260305,EXP-02001,TSS10546-004,mMulti_480g,TV46KD,,14043926.91,7220296.877,56806043,0.6642167199,,,802.1930363,769.5939785,0.002134732113,0.002606183276,,0.001200292779,,0.5761405341,,195369,4.09E-05,1.391128003,0.9781876551,104,,,268,,,8.303222114,xenium_cell_segmentation_stains_v1,0.9935404286,0.03280459029,0.9607358383,0.006459571375,6409,187698,1262
EXP-02001-02002_20260305,EXP-02001,TSS10770-001,mMulti_480g,TV46KD,,79467689.38,26003148.8,165462561,0.8385576407,,,659.5774138,569.4369022,0.003222940825,0.0007470098409,,0.002148460736,,1.031261153,,428679,0.00107772949,0.5394381079,0.8948944348,85,,,280,,,6.942053492,xenium_cell_segmentation_stains_v1,0.9836964255,0.1568026425,0.826893783,0.01630357447,67218,354472,6989
EXP-02001-02002_20260305,EXP-02001,TSS10770-002,mMulti_480g,TV46KD,,23195309.83,7053794.85,48423619,0.8319015629,,,712.4799533,635.7981336,0.007461502661,0.001064500899,,0.004993595511,,2.396925845,,131158,0.0003812195977,0.5654505197,0.9261574605,90,,,269,,,9.626395531,xenium_cell_segmentation_stains_v1,0.9813659861,0.1330456396,0.8483203465,0.01863401394,17450,111264,2444
EXP-02001-02002_20260305,EXP-02002,TSS10546-005,mMulti_480g,TV46KD,,15371314.03,7402160.746,59015027,0.6773753133,,,810.8153079,780.0977982,0.002083201589,0.002634699924,,0.001196625989,,0.5743804747,,200355,0.0003393975693,1.303434434,0.9784642308,105,,,273,,,8.119248527,xenium_cell_segmentation_stains_v1,0.9929974296,0.06211973747,0.9308776921,0.007002570437,12446,186506,1403
EXP-02001-02002_20260305,EXP-02002,TSS10771-001,mMulti_480g,TV46KD,,84403235.31,27414832.84,139055170,0.8459313305,,,531.005303,447.1009789,0.006145585879,0.0006077909223,,0.003474516581,,1.667767959,,413151,0.002083983822,0.4894966389,0.8814629906,77,,,231,,,7.842977227,xenium_cell_segmentation_stains_v1,0.9781266413,0.259285346,0.7188412953,0.02187335865,107124,296990,9037
EXP-02001-02002_20260305,EXP-02002,TSS10771-002,mMulti_480g,TV46KD,,28443074.07,8150696.602,51970771,0.8327658554,,,651.0648774,576.2552122,0.005951949985,0.001019321034,,0.003734606737,,1.792611234,,145437,0.001430172515,0.5113265875,0.90375442,83,,,257,,,9.197626143,xenium_cell_segmentation_stains_v1,0.9823222426,0.2639287114,0.7183935312,0.01767775738,38385,104481,2571
EXP-02007-02008,EXP-02007,TSS10546-009,mMulti_480g,TV46KD,,13256274.12,6849860.051,42540178,0.7904643198,,,618.451072,610.1145818,0.0008355625578,0.001422285637,,0.0003586936498,,0.1721729519,,189995,2.63E-05,1.43324586,0.9824123209,80,,,202,,,8.327842574,xenium_cell_segmentation_stains_v1,0.9906839654,0.03263770099,0.9580462644,0.009316034632,6201,182024,1770
EXP-02007-02008,EXP-02007,TSS10937-001,mMulti_480g,TV46KD,,32038431.53,11738737.22,32555683,0.8980984107,,,259.629828,249.0601881,0.04325369992,0.0002868608824,,0.0134757491,,6.468359567,,187292,0.001745936826,0.5845854214,0.8980466175,54,,,103,,,7.546978776,xenium_cell_segmentation_stains_v1,0.9766193965,0.2384992418,0.7381201546,0.02338060355,44669,138244,4379
EXP-02007-02008,EXP-02007,TSS10938-003,mMulti_480g,TV46KD,,31167662.34,11962991.79,34472938,0.8838316536,,,277.19899,254.8579698,0.03269349906,0.0003879895687,,0.009508191956,,4.563932139,,206422,0.002354400209,0.6622954193,0.8844223837,50,,,98,,,8.216603722,xenium_cell_segmentation_stains_v1,0.9707928418,0.3847506564,0.5860421854,0.02920715815,79421,120972,6029
EXP-02007-02008,EXP-02008,TSS10546-010,mMulti_480g,TV46KD,,13690443.16,6663783.059,46945190,0.7223185925,,,709.6856592,687.4178315,0.002043345502,0.002326138972,,0.0009942429947,,0.4772366375,,183255,1.09E-05,1.338561491,0.975776922,91,,,232,,,7.808987953,xenium_cell_segmentation_stains_v1,0.9929933699,0.01036806636,0.9826253035,0.007006630106,1900,180071,1284
EXP-02007-02008,EXP-02008,TSS10938-001,mMulti_480g,TV46KD,,108234068.1,35731699.98,151456314,0.9083346089,,,426.2865501,377.0335223,0.02197573386,0.0005265145041,,0.01063498688,,5.104793703,,534326,0.002030595554,0.4936763531,0.8895006318,68,,,175,,,8.491980834,xenium_cell_segmentation_stains_v1,0.9688953934,0.2274079869,0.7414874066,0.03110460655,121510,396196,16620
EXP-02010-02011_03-13-2026,EXP-02010,TSS10738-008,hColon_785g,JAVCTQ,ZBB4M9,103972686.4,60459393.29,412000498,0.9085043968,0.9085893388,0.9083590547,548.4230567,614.7535474,0.0007393757463,0.0006564821304,0.004026639297,0.0002205318333,0.001233309339,0.3462349783,1.936295662,774378,0.0004687633171,0.7447898352,0.9021257664,151,78,73,414,256,151,6.500741935,xenium_cell_segmentation_stains_v2,0.9853443667,0.2957625346,0.6895818321,0.0146556333,229032,533997,11349
EXP-02010-02011_03-13-2026,EXP-02010,TSS10738-009,hColon_785g,JAVCTQ,ZBB4M9,120040066.5,36393269.18,67404876,0.8884126955,0.891300571,0.8861830285,222.5714886,146.3239225,0.0008533902615,0.0001007662468,0.006885644889,8.04E-05,0.0007102023321,0.1262856093,1.115017661,381045,0.01178600953,0.3174315135,0.7900327418,61,31,31,104,45,57,8.804154971,xenium_cell_segmentation_stains_v2,0.9702056188,0.1806059652,0.7895996536,0.02979438124,68819,300873,11353
EXP-02010-02011_03-13-2026,EXP-02011,TSS09592-004,hColon_785g,JAVCTQ,ZBB4M9,74076520.87,48425809.05,66546256,0.9578689968,0.9758518035,0.9516096627,130.4617736,122.5618904,0.001559615276,0.0005814418946,0.004747048197,0.0001985595957,0.0006415479778,0.3117385652,1.007230325,287697,0.0004379607712,0.3883781212,0.8918846915,48,24,24,134,37,96,8.831039311,xenium_cell_segmentation_stains_v2,0.9927423644,0.6580916728,0.3346506915,0.007257635637,189331,96278,2088
EXP-02010-02011_03-13-2026,EXP-02011,TSS10738-010,hColon_785g,JAVCTQ,ZBB4M9,88434177.33,25970737.31,50743224,0.9117970398,0.9105824393,0.9128669936,240.773393,159.2124802,0.001780883633,2.89E-05,0.0202030092,0.0001152201141,0.001480299234,0.1808955792,2.324069798,388821,0.001831176814,0.4396727733,0.8148606206,61,30,30,86,41,44,8.868553489,xenium_cell_segmentation_stains_v2,0.9712592684,0.324455212,0.6468040564,0.0287407316,126155,251491,11175
EXP-02014-02015_031326,EXP-02014,TSS10546-008,mMulti_480g,TV46KD,,11864605.86,6794797.511,55649456,0.6736573249,,,832.206368,800.1943386,0.002141799351,0.002746602853,,0.00124344325,,0.5968527599,,187021,0.0004705353944,1.576293407,0.977037134,103,,,275,,,8.081406932,xenium_cell_segmentation_stains_v1,0.9940381027,0.02148956534,0.9725485373,0.005961897327,4019,181887,1115
EXP-02014-02015_031326,EXP-02014,TSS10759-001,mMulti_480g,TV46KD,,77694679.71,23588271.53,161670666,0.8488676346,,,726.1603417,605.2091389,0.002263252627,0.0005520678939,,0.00164585107,,0.7900085137,,384087,0.0008305409972,0.4943543128,0.8830196506,87,,,290,,,7.944147553,xenium_cell_segmentation_stains_v1,0.9804393275,0.3434638506,0.6369754769,0.01956067245,131920,244654,7513
EXP-02014-02015_031326,EXP-02014,TSS10759-002,mMulti_480g,TV46KD,,19707173.67,6341965.246,48056047,0.8529080594,,,755.6349129,672.1239923,0.003598269136,0.0004971700243,,0.00256485257,,1.231129234,,114529,0.0005937360843,0.5811538576,0.8870032527,86,,,284,,,7.362064449,xenium_cell_segmentation_stains_v1,0.9791231915,0.3550192528,0.6241039387,0.02087680849,40660,71478,2391
EXP-02014-02015_031326,EXP-02015,TSS10546-007,mMulti_480g,TV46KD,,14060220.28,7137177.494,59568353,0.6858785639,,,845.373036,816.6843272,0.002107485185,0.00262616991,,0.001254594977,,0.6022055887,,195322,0.0002508677978,1.389181649,0.9785096795,105,,,282,,,8.393128661,xenium_cell_segmentation_stains_v1,0.9937385446,0.01885092309,0.9748876215,0.006261455443,3682,190417,1223
EXP-02014-02015_031326,EXP-02015,TSS10772-001,mMulti_480g,TV46KD,,64311190.23,21659873.13,129687435,0.8723010488,,,634.808347,537.4862508,0.00672204196,0.000395671977,,0.004589510121,,2.202964858,,332225,0.0008518323425,0.5165897238,0.8976878909,83,,,256,,,8.998163654,xenium_cell_segmentation_stains_v1,0.9808713974,0.2790518474,0.70181955,0.0191286026,92708,233162,6355
EXP-02014-02015_031326,EXP-02015,TSS10772-002,mMulti_480g,TV46KD,,24977570.44,9383187.361,65785431,0.8558805255,,,696.459667,636.1937869,0.006508947297,0.0006031544993,,0.00494087972,,2.371622266,,157391,0.0003748626033,0.630129341,0.9074236361,88,,,285,,,9.286534391,xenium_cell_segmentation_stains_v1,0.9826228946,0.2977044431,0.6849184515,0.01737710543,46856,107800,2735
EXP-02016-02017_20260319,EXP-02016,TSS10546-011,mMulti_480g,TV46KD,,12814480.45,6955523.873,368680,0.7046811178,,,5.994190095,5.278854716,0.01863239571,0.0009297854652,,8.21E-05,,0.03939871427,,166909,0.2314075334,1.30250306,0.995909732,2,,,2,,,6.661912301,xenium_cell_segmentation_stains_v1,0.9928104536,1.20E-05,0.992798471,0.0071895464,2,165707,1200
EXP-02016-02017_20260319,EXP-02016,TSS10934-001,mMulti_480g,TV46KD,,81597980.86,23746453.02,3699293,0.6766569466,,,17.58658547,13.39815255,0.01869738196,0.001168974635,,0.0003067247567,,0.1472278832,,388133,0.141358761,0.4756649563,0.8600524479,6,,,7,,,7.0392868,xenium_cell_segmentation_stains_v1,0.9049063079,6.44E-05,0.904841897,0.09509369211,25,351199,36909
EXP-02016-02017_20260319,EXP-02017,TSS10546-012,mMulti_480g,TV46KD,,14582459.22,6222848.789,399868,0.6475563681,,,7.453016473,6.267981326,0.05962270552,0.0009875257788,,0.0002846167806,,0.1366160547,,165310,0.2275784889,1.133622234,0.975439395,2,,,2,,,6.620524593,xenium_cell_segmentation_stains_v1,0.9796926986,3.02E-05,0.9796624524,0.02030730143,5,161948,3357
EXP-02016-02017_20260319,EXP-02017,TSS10933-001,mMulti_480g,TV46KD,,25512048.17,5765714.668,680563,0.6390004911,,,10.93168961,9.868438394,0.08510734874,0.001410393716,,0.0007750319154,,0.3720153194,,126898,0.2315560529,0.4974042035,0.8360519158,4,,,4,,,7.569255307,xenium_cell_segmentation_stains_v1,0.9318586581,0.0009456413813,0.9309130168,0.06814134187,120,118131,8647
EXP-02016-02017_20260319,EXP-02017,TSS10934-002,mMulti_480g,TV46KD,,22448298.12,4600864.001,1730151,0.6728379578,,,32.13676375,29.61867596,0.04763168293,0.001225424696,,0.001276285962,,0.6126172617,,108518,0.09068541624,0.4834130384,0.7876277851,8,,,9,,,7.761546959,xenium_cell_segmentation_stains_v1,0.9119685214,0.0009307211707,0.9110378002,0.08803147865,101,98864,9553
EXP-02019-02020_03-18-2026,EXP-02019,TSS00008,mMulti_479g,9WYCDQ,,64464872.21,21406799.16,15311414,0.9607715733,,,67.24317382,66.41883214,0.1524372896,0.0002278274818,,0.009874581026,,4.729924311,,439168,0.01546105363,0.6812516413,0.9285978421,13,,,16,,,9.30769976,xenium_cell_segmentation_stains_v1,0.9706991402,0.1009750255,0.8697241147,0.02930085981,44345,381955,12868
EXP-02019-02020_03-18-2026,EXP-02019,TSS10546-013,mMulti_479g,9WYCDQ,,17519793.67,6625529.437,59851533,0.7533182157,,,910.8838579,878.276937,0.001653356292,0.001856801458,,0.001083411657,,0.5189541836,,176618,8.49E-05,1.008105479,0.9722473942,114,,,312,,,7.967400504,xenium_cell_segmentation_stains_v1,0.9925885244,0.08180366667,0.9107848577,0.007411475614,14448,160861,1309
EXP-02019-02020_03-18-2026,EXP-02020,TSS00009,mMulti_479g,9WYCDQ,,47550381.77,16180430.53,9931862,0.9683192768,,,60.33943208,57.70575746,0.1250338406,0.0001877069524,,0.007188420918,,3.44325362,,327798,0.01604341698,0.6893698595,0.9401097196,12,,,15,,,9.319086469,xenium_cell_segmentation_stains_v1,0.9787247024,0.09959792311,0.8791267793,0.02127529759,32648,288176,6974
EXP-02019-02020_03-18-2026,EXP-02020,TSS10546-014,mMulti_479g,9WYCDQ,,14493176.55,6623239.247,56050442,0.7371300153,,,850.33436,821.0940745,0.001832201391,0.002010927623,,0.001112955325,,0.5331056008,,178938,6.71E-05,1.23463617,0.9702514924,109,,,288,,,8.642324594,xenium_cell_segmentation_stains_v1,0.9912707195,0.1147380657,0.8765326538,0.008729280533,20531,156845,1562
EX-002024-002031_032626,EXP-02024,TSS04855-004,hother_1420g,abc123,,26402289.55,4366763.291,20402331,0.8167525553,,,399.4732306,393.8020189,0.0001904744477,0.0003600827691,6.91E-05,2.15E-05,9.88E-06,0.03056503563,0.01402870253,96401,0.002686694121,0.3651236376,0.8428645727,78,,,132,,,7.419812274,xenium_cell_segmentation_stains_v2,0.9754566861,0.1832034937,0.7922531924,0.02454331387,17661,76374,2366
EX-002024-002031_032626,EXP-02024,TSS06404-004,hother_1420g,abc123,,21618027.58,3838779.192,17976703,0.8407060046,,,420.4871478,412.9475077,8.85E-05,0.0001708825507,2.75E-05,1.00E-05,3.01E-06,0.01421616153,0.004275537303,94892,0.005258609788,0.438948464,0.8818159259,86,,,137,,,5.976739474,xenium_cell_segmentation_stains_v2,0.975519538,0.4071259959,0.5683935421,0.024480462,38633,53936,2323
EX-002024-002031_032626,EXP-02024,TSS08944-005,hother_1420g,abc123,,19709812.33,6404476.987,100995048,0.8861439813,,,1515.347937,1489.919836,0.0001587011755,0.0002321992112,6.21E-05,0.0001197697561,4.48E-05,0.1700730536,0.06366155524,83911,0.0001191738866,0.4257321105,0.9448143735,282,,,1098,,,6.444974627,xenium_cell_segmentation_stains_v2,0.9658805163,0.7695653728,0.1963151434,0.03411948374,64575,16473,2863
EXP-02025-02026_032626,EXP-02025,TSS00011,mvagal nerve_480g,EC2ACB,,13980189.63,1352029.833,9121130,0.7905253066,,,600.1251664,619.3896611,0.01050345463,0.0008748001117,,0.008155195552,,3.914493865,,20864,0.01423504601,0.1492397496,0.9181245087,70,,,153,,,10.54809219,xenium_cell_segmentation_stains_v1,0.889666411,0.09753642638,0.7921299847,0.110333589,2035,16527,2302
EXP-02025-02026_032626,EXP-02025,TSS10546-016,mvagal nerve_480g,EC2ACB,,12811708.54,6408662.7,43795134,0.7478791301,,,689.1185247,667.3177697,0.002621787449,0.00188682507,,0.001282867749,,0.6157765194,,174297,0.0005106226728,1.360450868,0.9765044902,84,,,229,,,9.293600925,xenium_cell_segmentation_stains_v1,0.9907112572,0.03089554037,0.9598157169,0.009288742778,5385,167293,1619
EXP-02025-02026_032626,EXP-02026,TSS00010,mvagal nerve_480g,EC2ACB,,11770478.34,1566486.219,11673969,0.8079638427,,,624.894803,678.4644429,0.0113485172,0.0007557861244,,0.009533889843,,4.576267125,,25037,0.001517753724,0.2127101319,0.9104060496,76,,,171,,,9.597110859,xenium_cell_segmentation_stains_v1,0.886408116,0.1208611255,0.7655469905,0.113591884,3026,19167,2844
EXP-02025-02026_032626,EXP-02026,TSS10546-015,mvagal nerve_480g,EC2ACB,,12370408.83,6272828.225,43232610,0.7361206346,,,697.1231136,673.5074911,0.003015979523,0.00208401891,,0.001477380613,,0.7091426941,,171689,0.001252264269,1.387900775,0.9772245534,84,,,230,,,9.920909646,xenium_cell_segmentation_stains_v1,0.9902381632,0.04551252555,0.9447256376,0.00976183681,7814,162199,1676
EXP-02028-02029_03-27-2026,EXP-02028,TSS00012,mother_952g,AXZQQJ,ZEHF9H,145440959.1,33872181.48,743961559,0.7799042627,0.777521282,0.7820929477,1421.476512,1303.15672,0.0008919190888,0.001055086896,0.001297374306,0.0006335503258,0.0009135688246,1.236690236,1.783286346,360074,0.0001360831385,0.247574,0.5933204527,382,168,214,1022,484,536,4.716607529,xenium_cell_segmentation_stains_v2,0.9860445353,0.06330920866,0.9227353266,0.01395546471,22796,332253,5025
EXP-02028-02029_03-27-2026,EXP-02028,TSS10546-018,mother_952g,AXZQQJ,ZEHF9H,15348875.26,6657859.101,46970910,0.6347241604,0.6369902038,0.6311479556,645.8606706,676.8752585,0.001110405924,0.001918553728,0.001566936702,0.0001266803193,0.0001835348716,0.2472799832,0.3582600694,190440,0.01055975635,1.240742379,0.9594321464,134,75,59,208,129,79,6.139575051,xenium_cell_segmentation_stains_v2,0.9870562907,0.02742070993,0.9596355808,0.0129437093,5222,182753,2465
EXP-02028-02029_03-27-2026,EXP-02029,TSS00013,mother_952g,AXZQQJ,ZEHF9H,142157468.4,36604284.12,809917498,0.7730948289,0.7701815034,0.7756803102,1353.702086,1236.968983,0.0008533230589,0.001047089888,0.0011507127,0.0006490500584,0.0008422944137,1.266945714,1.644158696,358601,0.0001115445858,0.2522561805,0.5590490909,375,164,211,1034,481,551,6.78968666,xenium_cell_segmentation_stains_v2,0.9726325359,0.04402943662,0.9286030993,0.02736746412,15789,332998,9814
EX-002024-002031_032626,EXP-02031,TSS04855-005,hother_1420g,abc123,,30781491.24,4319465.413,19977634,0.8188780215,,,391.8613865,386.3272512,0.0001574711646,0.0003382665545,0.0001023342022,2.03E-05,1.26E-05,0.02886605559,0.01785161137,94696,0.002312663682,0.3076394164,0.8352977134,78,,,133,,,6.701771387,xenium_cell_segmentation_stains_v2,0.9775069697,0.1960695278,0.7814374419,0.02249303033,18567,73999,2130
EX-002024-002031_032626,EXP-02031,TSS06404-005,hother_1420g,abc123,,25114403.13,3561407.458,16438237,0.8357550459,,,415.2416936,406.1864072,8.11E-05,0.0001759808645,3.43E-05,8.55E-06,3.26E-06,0.01213467783,0.004622734413,87765,0.00570842591,0.3494608235,0.8800185202,85,,,137,,,4.758348956,xenium_cell_segmentation_stains_v2,0.9760041019,0.4118840084,0.5641200934,0.02399589814,36149,49510,2106
EX-002024-002031_032626,EXP-02031,TSS08944-006,hother_1420g,abc123,,24038222.63,7798078.207,126104716,0.857166632,,,1510.69745,1518.698952,0.0001576175425,0.0003043020781,7.88E-05,0.0001211092739,6.35E-05,0.171975169,0.09022934443,103419,0.0001450410466,0.4302273158,0.9391348377,284,,,1111,,,5.500141258,xenium_cell_segmentation_stains_v2,0.9731867452,0.7414111527,0.2317755925,0.02681325482,76676,23970,2773
EXP-02035-02036-040226,EXP-02035,TSS10546-017,mMulti_480g,TV46KD,,13581230.78,6425716.455,49656897,0.7544051598,,,772.9634072,754.2544607,0.001546816524,0.001741229752,,0.0008297717433,,0.3982904368,,179929,8.89E-05,1.324835745,0.9760225855,94,,,251,,,8.357526465,xenium_cell_segmentation_stains_v1,0.9890567946,0.05476048886,0.9342963058,0.01094320538,9853,168107,1969
EXP-02035-02036-040226,EXP-02035,TSS10937-002,mMulti_480g,TV46KD,,86757066.98,27584631.54,116837324,0.928066591,,,423.8417918,374.143609,0.008472391694,0.0006372760031,,0.003924338317,,1.883682392,,427244,0.001764799506,0.4924601705,0.8833319051,64,,,165,,,8.041566163,xenium_cell_segmentation_stains_v1,0.9742114576,0.4139320856,0.560279372,0.02578854238,176850,239376,11018
EXP-02035-02036-040226,EXP-02036,TSS10932-001,mMulti_480g,TV46KD,,114554554.5,33006302.27,135434960,0.8700430561,,,403.8550544,360.5493067,0.008830302054,0.0005052572232,,0.003817604896,,1.83245035,,529455,0.002066275699,0.4621859013,0.8786800247,62,,,158,,,8.751217659,xenium_cell_segmentation_stains_v1,0.9727228943,0.4106619071,0.5620609872,0.0272771057,217427,297586,14442
EXP-02037-02038-040226,EXP-02037,TSS10546-019,mMulti_480g,TV46KD,,15419898.9,6183023.188,627369,0.9722234706,,,11.90069216,10.04506988,0.08609378822,0.0001886376811,,0.0006484524126,,0.311257158,,165548,0.1302341315,1.073599776,0.9899899421,3,,,4,,,8.443116061,xenium_cell_segmentation_stains_v1,0.9912774543,0.01063739822,0.9806400561,0.008722545727,1761,162343,1444
EXP-02037-02038-040226,EXP-02037,TSS10931-002,mMulti_480g,TV46KD,,25033007.28,7202747.758,14279993,0.9282310027,,,248.9702892,186.7191585,0.1877581714,0.0003668252624,,0.04592936049,,22.04609303,,113336,0.001747017717,0.4527462432,0.9418008818,64,,,86,,,7.685895565,xenium_cell_segmentation_stains_v1,0.9737241477,0.3400331757,0.633690972,0.02627585233,38538,71820,2978
EXP-02037-02038-040226,EXP-02037,TSS10932-002,mMulti_480g,TV46KD,,28536343.58,9011510.092,20285265,0.9541556428,,,306.8185782,215.3730818,0.2429972369,0.000733652022,,0.05983404678,,28.72034245,,161190,0.002196166015,0.5648586321,0.9567716764,73,,,90,,,7.67480171,xenium_cell_segmentation_stains_v1,0.9766424716,0.2394317265,0.7372107451,0.02335752838,38594,118831,3765
EXP-02037-02038-040226,EXP-02038,TSS10931-001,mMulti_480g,TV46KD,,70220315.34,22240617.61,29358485,0.8987432649,,,126.1432665,116.7077977,0.01654329442,0.000470244235,,0.002515167597,,1.207280447,,331628,0.01054193253,0.4722678877,0.8841237891,30,,,54,,,7.689791371,xenium_cell_segmentation_stains_v1,0.9770918017,0.4075982728,0.5694935289,0.02290819834,135171,188860,7597
EXP-02051-02052_04-09-2026,EXP-02051,TSS10546-020,mother_952g,YVWBTQ,ZEHF9H,12721592.24,6196603.84,55387458,0.749851512,0.7517970894,0.7465935446,830.6617227,868.2331869,0.0004639864999,0.0007965784593,0.0007557994612,6.94E-05,0.0001160494505,0.1354835062,0.2265285274,176854,0.0007237608423,1.390187617,0.971356566,165,92,72,276,174,101,4.701228843,xenium_cell_segmentation_stains_v2,0.9863503229,0.0332138374,0.9531364855,0.01364967713,5874,168566,2414
EXP-02051-02052_04-09-2026,EXP-02051,TSS12140-001,mother_952g,YVWBTQ,ZEHF9H,48604628.89,24638735.54,74962913,0.8861881128,0.8866764683,0.8857014589,307.9609105,283.6885111,0.002455528536,0.0003439611889,0.01696059055,0.000348771652,0.002487465565,0.6808022648,4.855532783,250092,0.0007837115941,0.5145435851,0.9324245711,109,56,52,186,98,87,8.066223542,xenium_cell_segmentation_stains_v2,0.9946099835,0.2330862243,0.7615237593,0.005390016474,58293,190451,1348
EXP-02051-02052_04-09-2026,EXP-02051,TSS12260-001,mother_952g,YVWBTQ,ZEHF9H,66965213.42,33408836.93,61030806,0.9536602256,0.9546955791,0.952686057,201.5237058,168.9836798,0.004375649295,0.0005863113766,0.004474083847,0.0006457305266,0.00065984709,1.260465988,1.28802152,192108,0.001473129698,0.2868773057,0.9250325483,89,46,43,161,83,78,6.87802493,xenium_cell_segmentation_stains_v2,0.9882201678,0.527510567,0.4607096008,0.01177983218,101339,88506,2263
EXP-02051-02052_04-09-2026,EXP-02052,TSS10546-021,mother_952g,YVWBTQ,ZEHF9H,12737338.77,6370383.068,60331064,0.8072357123,0.8082363583,0.8054815977,875.8964629,926.8112194,0.0003727744914,0.0002832308163,0.0007052812365,6.08E-05,0.0001179444435,0.1186363116,0.2302275538,174820,0.0008809060748,1.3725002,0.9786239639,175,98,77,302,194,107,6.220094815,xenium_cell_segmentation_stains_v2,0.9908305686,0.05953552225,0.9312950463,0.009169431415,10408,162809,1603
EXP-02051-02052_04-09-2026,EXP-02052,TSS12141-001,mother_952g,YVWBTQ,ZEHF9H,52175787.03,19448584.58,33578194,0.9289111795,0.9319788223,0.9259882923,170.9027488,160.4157252,0.008010041635,0.0005161109164,0.03079677423,0.0006923394306,0.002760608025,1.351446569,5.388706865,181775,0.01956814744,0.3483895698,0.9291324006,66,34,32,102,53,49,9.830712162,xenium_cell_segmentation_stains_v2,0.9894704992,0.3371750791,0.6522954202,0.01052950076,61290,118571,1914
EXP-02051-02052_04-09-2026,EXP-02052,TSS12141-001,mother_952g,YVWBTQ,ZEHF9H,52175787.03,19448584.58,33578194,0.9289111795,0.9319788223,0.9259882923,170.9027488,160.4157252,0.008010041635,0.0005161109164,0.03079677423,0.0006923394306,0.002760608025,1.351446569,5.388706865,181775,0.01956814744,0.3483895698,0.9291324006,66,34,32,102,53,49,9.830712162,xenium_cell_segmentation_stains_v2,0.9894704992,0.3371750791,0.6522954202,0.01052950076,61290,118571,1914
EXP-02051-02052_04-09-2026,EXP-02052,TSS12141-001,mother_952g,YVWBTQ,ZEHF9H,52175787.03,19448584.58,33578194,0.9289111795,0.9319788223,0.9259882923,170.9027488,160.4157252,0.008010041635,0.0005161109164,0.03079677423,0.0006923394306,0.002760608025,1.351446569,5.388706865,181775,0.01956814744,0.3483895698,0.9291324006,66,34,32,102,53,49,9.830712162,xenium_cell_segmentation_stains_v2,0.9894704992,0.3371750791,0.6522954202,0.01052950076,61290,118571,1914
EXP-02051-02052_04-09-2026,EXP-02052,TSS12141-001,mother_952g,YVWBTQ,ZEHF9H,52175787.03,19448584.58,33578194,0.9289111795,0.9319788223,0.9259882923,170.9027488,160.4157252,0.008010041635,0.0005161109164,0.03079677423,0.0006923394306,0.002760608025,1.351446569,5.388706865,181775,0.01956814744,0.3483895698,0.9291324006,66,34,32,102,53,49,9.830712162,xenium_cell_segmentation_stains_v2,0.9894704992,0.3371750791,0.6522954202,0.01052950076,61290,118571,1914
EXP-02051-02052_04-09-2026,EXP-02052,TSS12141-001,mother_952g,YVWBTQ,ZEHF9H,52175787.03,19448584.58,33578194,0.9289111795,0.9319788223,0.9259882923,170.9027488,160.4157252,0.008010041635,0.0005161109164,0.03079677423,0.0006923394306,0.002760608025,1.351446569,5.388706865,181775,0.01956814744,0.3483895698,0.9291324006,66,34,32,102,53,49,9.830712162,xenium_cell_segmentation_stains_v2,0.9894704992,0.3371750791,0.6522954202,0.01052950076,61290,118571,1914
EXP-02051-02052_04-09-2026,EXP-02052,TSS12141-001,mother_952g,YVWBTQ,ZEHF9H,52175787.03,19448584.58,33578194,0.9289111795,0.9319788223,0.9259882923,170.9027488,160.4157252,0.008010041635,0.0005161109164,0.03079677423,0.0006923394306,0.002760608025,1.351446569,5.388706865,181775,0.01956814744,0.3483895698,0.9291324006,66,34,32,102,53,49,9.830712162,xenium_cell_segmentation_stains_v2,0.9894704992,0.3371750791,0.6522954202,0.01052950076,61290,118571,1914
EXP-02051-02052_04-09-2026,EXP-02052,TSS12261-001,mother_952g,YVWBTQ,ZEHF9H,93437075.93,50187550.72,85390417,0.9553152175,0.9574865969,0.9532987187,188.6609992,155.8615451,0.007476213387,0.0004081939631,0.00726210251,0.001126741354,0.001091656321,2.199399123,2.130913138,260286,0.001671238561,0.2785682208,0.916064059,92,47,44,165,83,80,6.953137523,xenium_cell_segmentation_stains_v2,0.988942932,0.5274006285,0.4615423035,0.01105706799,137275,120133,2878
EXP-02055-02056_040926,EXP-02055,TSS10546-022,mMulti_480g,TV46KD,,12288036.56,6261712.336,55291580,0.7544182829,,,885.3792127,863.2903605,0.00152975501,0.001910923156,,0.00095645375,,0.4590978,,167546,0.0001611497738,1.363488782,0.9776671059,105,,,305,,,7.088174854,xenium_cell_segmentation_stains_v1,0.9949506404,0.07162212169,0.9233285187,0.005049359579,12000,154700,846
EXP-02055-02056_040926,EXP-02055,TSS12269-001,mMulti_480g,TV46KD,,25372537.39,5036579.789,10897285,0.8922153159,,,194.7279172,189.1895572,0.05604686787,0.0004083415776,,0.01254838153,,6.023223134,,81126,0.007765697803,0.3197394046,0.8744089009,39,,,66,,,8.315754165,xenium_cell_segmentation_stains_v1,0.9744101768,0.4602963292,0.5141138476,0.02558982324,37342,41708,2076
EXP-02055-02056_040926,EXP-02055,TSS12269-002,mMulti_480g,TV46KD,,20565199.95,4598797.696,11721620,0.8708539393,,,238.043733,223.8050395,0.04746302197,0.0005494032337,,0.01053125778,,5.055003733,,88394,0.01215014594,0.4298231976,0.8780647214,38,,,59,,,9.87999966,xenium_cell_segmentation_stains_v1,0.961411408,0.3354073806,0.6260040274,0.03858859199,29648,55335,3411
EXP-02055-02056_040926,EXP-02055,TSS12270-001,mMulti_480g,TV46KD,,18850719.59,3811335.57,11577243,0.8853112759,,,289.5488429,264.2684386,0.03331304533,0.0004154400283,,0.0105567505,,5.067240238,,60440,0.00263070814,0.320624365,0.869996164,50,,,99,,,7.916921579,xenium_cell_segmentation_stains_v1,0.980790867,0.4342157512,0.5465751158,0.01920913302,26244,33035,1161
EXP-02055-02056_040926,EXP-02056,TSS00014,mMulti_480g,TV46KD,,15395396.49,4291582.015,2774896,0.954821323,,,61.67515603,58.64706747,0.114555858,0.0002508647607,,0.006255594726,,3.002685469,,90487,0.02131797938,0.5877536189,0.9070202991,12,,,14,,,4.767410883,xenium_cell_segmentation_stains_v1,0.9820747732,0.09913026181,0.8829445114,0.01792522683,8970,79895,1622
EXP-02055-02056_040926,EXP-02056,TSS10546-023,mMulti_480g,TV46KD,,12306525.16,6338904.871,52170355,0.7430602145,,,827.6533715,804.8734606,0.001490473703,0.002005513808,,0.000844136002,,0.4051852809,,170174,0.001551353321,1.382794882,0.9779531498,102,,,288,,,7.9380541,xenium_cell_segmentation_stains_v1,0.9945350053,0.1523793294,0.842155676,0.005464994653,25931,143313,930
EXP-02055-02056_040926,EXP-02056,TSS12270-002,mMulti_480g,TV46KD,,17553487.96,2871264.866,13260063,0.8840596011,,,479.8601503,406.9341403,0.0161032847,0.000419649411,,0.006207932161,,2.979807438,,56605,0.00136030386,0.3224715232,0.8811539583,64,,,129,,,7.507658326,xenium_cell_segmentation_stains_v1,0.9685010158,0.2062891971,0.7622118187,0.03149898419,11677,43145,1783
EXP-02055-02056_040926,EXP-02056,TSS12271-001,mMulti_480g,TV46KD,,22334810.53,4264107.777,13692611,0.8634262177,,,298.6893219,274.6348969,0.02362992923,0.0005477856734,,0.006937799043,,3.330143541,,73359,0.007511007511,0.3284514096,0.8552589422,45,,,88,,,7.841585559,xenium_cell_segmentation_stains_v1,0.9723823934,0.3963385542,0.5760438392,0.02761760656,29075,42258,2026
EXP-02055-02056_040926,EXP-02056,TSS12271-002,mMulti_480g,TV46KD,,14919541.37,2696961.825,8052225,0.8528716728,,,293.9712603,263.3879699,0.02699864058,0.000959167048,,0.006557950341,,3.147816164,,54331,0.01402514218,0.3641599876,0.8821751752,42,,,76,,,9.948841294,xenium_cell_segmentation_stains_v1,0.9571699398,0.3237194235,0.6334505163,0.04283006019,17588,34416,2327
EXP-01921-01922_011526,EXP-09121,TIS10736-002-005,hLymph Node_471g,8PXRN6,,94559178.44,36435197.03,100405896,0.8819295887,,,288.9517306,242.9203331,0.0008865359683,0.0002308884637,,0.0001907418186,,0.08983939654,,867665,0.0001890130407,0.917589402,0.8815070183,50,,,87,,,4.915266791,xenium_cell_segmentation_stains_v1,0.9906864977,0.4471921767,0.543494321,0.009313502331,388013,471571,8081
EXP-01921-01922_011526,EXP-09121,TIS10739-002-005,hLymph Node_471g,8PXRN6,,23626462.93,10233279.09,20301192,0.8961791504,,,216.3000988,181.4120659,0.000717079704,0.0001312882981,,0.0001139068779,,0.0536501395,,234402,0.0001706470081,0.9921163431,0.9144489151,39,,,64,,,5.47701307,xenium_cell_segmentation_stains_v1,0.9957082277,0.3838491139,0.6118591138,0.004291772255,89975,143421,1006
EXP-01921-01922_011526,EXP-09122,CP08944-001-014,hLymph Node_471g,8PXRN6,,7493797.41,2295420.018,20035649,0.7459240767,,,934.6545965,828.9648017,0.001646537068,0.001195117993,,0.00213624141,,1.006169704,,30123,0.0001659861236,0.401972436,0.9497183745,131,,,624,,,6.059666279,xenium_cell_segmentation_stains_v1,0.980646018,0.8236563423,0.1569896757,0.01935398201,24811,4729,583
EXP-01921-01922_011526,EXP-09122,TIS10737-002-005,hLymph Node_471g,8PXRN6,,50698847.61,15194730.3,39233337,0.8870434192,,,256.6825596,225.6920349,0.0009479563895,0.0001086275938,,0.0001886987758,,0.08887712339,,357448,0.0004280342875,0.7050416664,0.8740856277,44,,,78,,,5.310968301,xenium_cell_segmentation_stains_v1,0.991305029,0.5276487769,0.4636562521,0.008694971017,188607,165733,3108
EXP-01921-01922_011526,EXP-09122,TIS10738-010-007,hLymph Node_471g,8PXRN6,,94594603.52,29733373.63,73396585,0.8896318954,,,263.9647836,221.9454335,0.001014104308,0.0001224228412,,0.0001736519896,,0.08179008712,,798436,0.0001928770747,0.8440608347,0.8991135623,44,,,78,,,4.867623635,xenium_cell_segmentation_stains_v1,0.9880754375,0.5749227239,0.4131527136,0.01192456252,459039,329876,9521